megabytes	threads	gigabytes_per_second
1	1	71.997
2	1	73.393
4	1	74.549
4	4	277.678
8	1	77.497
8	4	286.975
8	8	427.440
16	1	77.374
16	4	300.345
16	8	541.910
16	16	374.298
24	1	75.137
24	4	301.145
24	8	565.607
24	16	441.223
32	1	48.102
32	4	254.412
32	8	530.637
32	16	522.620
48	1	38.923
48	4	137.928
48	8	232.985
48	16	702.283
64	1	39.690
64	4	110.488
64	8	169.607
64	16	817.902
96	1	39.736
96	4	83.689
96	8	135.076
96	16	388.133
128	1	38.772
128	4	69.580
128	8	125.766
128	16	310.241
256	1	38.379
256	4	61.522
256	8	64.029
256	16	149.911
512	1	38.324
512	4	57.564
512	8	57.850
512	16	58.847
1024	1	37.190
1024	4	57.577
1024	8	56.203
1024	16	55.782
