model	allocation	repeat	arrival	kind	from_token	to_token	nanoseconds	prefill_ns	freq_max_mhz_min	freq_max_mhz_max	temp_Tccd1_first	temp_Tccd1_last	proc_VmRSS_last	proc_read_bytes_delta	proc_majflt_delta	n_samples
SmolLM2-135M-Instruct-Q4_0.gguf	8192	1	generate	band	1	128	254490658	0	5417.695	5585.566	66.125	67.5	376107008	0	0	54
SmolLM2-135M-Instruct-Q4_0.gguf	8192	1	generate	band	129	384	535189099	0	5417.695	5585.566	66.125	67.5	376107008	0	0	54
SmolLM2-135M-Instruct-Q4_0.gguf	8192	1	generate	band	385	896	1174164468	0	5417.695	5585.566	66.125	67.5	376107008	0	0	54
SmolLM2-135M-Instruct-Q4_0.gguf	8192	1	generate	band	897	1920	2872531786	0	5417.695	5585.566	66.125	67.5	376107008	0	0	54
SmolLM2-135M-Instruct-Q4_0.gguf	8192	1	generate	band	1921	3968	8037302922	0	5417.695	5585.566	66.125	67.5	376107008	0	0	54
SmolLM2-135M-Instruct-Q4_0.gguf	8192	1	generate	band	3969	4096	592932557	0	5417.695	5585.566	66.125	67.5	376107008	0	0	54
SmolLM2-135M-Instruct-Q4_0.gguf	8192	1	prefill	band	512	640	286476629	125574564	5453.591	5459.298	72.375	65.125	486662144	0	0	2
SmolLM2-135M-Instruct-Q4_0.gguf	8192	1	prefill	band	1024	1152	341728520	218762083	5209.06	5478.964	67.0	66.0	486891520	0	0	3
SmolLM2-135M-Instruct-Q4_0.gguf	8192	1	prefill	band	2048	2176	440817119	550873261	4897.627	5481.381	72.875	68.5	488226816	0	0	4
SmolLM2-135M-Instruct-Q4_0.gguf	8192	1	prefill	band	4096	4224	612382655	1532097824	4741.907	5439.057	75.25	71.75	491311104	0	0	9
SmolLM2-135M-Instruct-Q4_0.gguf	8192	2	generate	band	1	128	234830347	0	5402.763	5493.688	61.75	69.375	589443072	0	0	54
SmolLM2-135M-Instruct-Q4_0.gguf	8192	2	generate	band	129	384	516823073	0	5402.763	5493.688	61.75	69.375	589443072	0	0	54
SmolLM2-135M-Instruct-Q4_0.gguf	8192	2	generate	band	385	896	1175237438	0	5402.763	5493.688	61.75	69.375	589443072	0	0	54
SmolLM2-135M-Instruct-Q4_0.gguf	8192	2	generate	band	897	1920	2900777898	0	5402.763	5493.688	61.75	69.375	589443072	0	0	54
SmolLM2-135M-Instruct-Q4_0.gguf	8192	2	generate	band	1921	3968	8034782856	0	5402.763	5493.688	61.75	69.375	589443072	0	0	54
SmolLM2-135M-Instruct-Q4_0.gguf	8192	2	generate	band	3969	4096	590025389	0	5402.763	5493.688	61.75	69.375	589443072	0	0	54
SmolLM2-135M-Instruct-Q4_0.gguf	8192	2	prefill	band	512	640	288274254	98632755	5449.907	5457.031	71.625	65.625	590163968	0	0	2
SmolLM2-135M-Instruct-Q4_0.gguf	8192	2	prefill	band	1024	1152	335998007	219796249	5175.049	5478.455	73.75	67.5	590385152	0	0	3
SmolLM2-135M-Instruct-Q4_0.gguf	8192	2	prefill	band	2048	2176	429276529	551531237	4726.941	5451.94	75.875	69.375	590782464	0	0	4
SmolLM2-135M-Instruct-Q4_0.gguf	8192	2	prefill	band	4096	4224	615265085	1544565085	4699.796	5453.095	73.75	70.875	591540224	0	0	9
SmolLM2-135M-Instruct-Q4_0.gguf	8192	3	generate	band	1	128	236996085	0	5389.678	5474.426	75.375	69.375	592322560	0	0	54
SmolLM2-135M-Instruct-Q4_0.gguf	8192	3	generate	band	129	384	523245310	0	5389.678	5474.426	75.375	69.375	592322560	0	0	54
SmolLM2-135M-Instruct-Q4_0.gguf	8192	3	generate	band	385	896	1165239377	0	5389.678	5474.426	75.375	69.375	592322560	0	0	54
SmolLM2-135M-Instruct-Q4_0.gguf	8192	3	generate	band	897	1920	2886953774	0	5389.678	5474.426	75.375	69.375	592322560	0	0	54
SmolLM2-135M-Instruct-Q4_0.gguf	8192	3	generate	band	1921	3968	8119393848	0	5389.678	5474.426	75.375	69.375	592322560	0	0	54
SmolLM2-135M-Instruct-Q4_0.gguf	8192	3	generate	band	3969	4096	591255080	0	5389.678	5474.426	75.375	69.375	592322560	0	0	54
SmolLM2-135M-Instruct-Q4_0.gguf	8192	3	prefill	band	512	640	296591563	99470136	5427.198	5448.145	77.25	67.0	593043456	0	0	2
SmolLM2-135M-Instruct-Q4_0.gguf	8192	3	prefill	band	1024	1152	333539038	220423888	5136.075	5429.514	70.25	70.375	593264640	0	0	3
SmolLM2-135M-Instruct-Q4_0.gguf	8192	3	prefill	band	2048	2176	452493578	550715208	4742.411	5429.01	76.25	71.75	593661952	0	0	4
SmolLM2-135M-Instruct-Q4_0.gguf	8192	3	prefill	band	4096	4224	627093244	1572071595	4693.183	5431.316	76.75	72.375	594456576	0	0	9
Qwen3-0.6B-Q8_0.gguf	8192	1	generate	band	1	128	1621815980	0	5411.045	5516.96	64.5	68.0	1648898048	0	0	286
Qwen3-0.6B-Q8_0.gguf	8192	1	generate	band	129	384	3405137708	0	5411.045	5516.96	64.5	68.0	1648898048	0	0	286
Qwen3-0.6B-Q8_0.gguf	8192	1	generate	band	385	896	7353252054	0	5411.045	5516.96	64.5	68.0	1648898048	0	0	286
Qwen3-0.6B-Q8_0.gguf	8192	1	generate	band	897	1920	16560801435	0	5411.045	5516.96	64.5	68.0	1648898048	0	0	286
Qwen3-0.6B-Q8_0.gguf	8192	1	generate	band	1921	3968	40893832375	0	5411.045	5516.96	64.5	68.0	1648898048	0	0	286
Qwen3-0.6B-Q8_0.gguf	8192	1	generate	band	3969	4096	2831455339	0	5411.045	5516.96	64.5	68.0	1648898048	0	0	286
Qwen3-0.6B-Q8_0.gguf	8192	1	prefill	band	512	640	1779311883	423723624	4518.6	5437.6	76.625	66.125	2145595392	0	0	9
Qwen3-0.6B-Q8_0.gguf	8192	1	prefill	band	1024	1152	1947396406	672095546	4615.667	5432.186	76.125	68.875	2146254848	0	0	11
Qwen3-0.6B-Q8_0.gguf	8192	1	prefill	band	2048	2176	2275568373	1546189020	4524.024	5423.868	74.75	67.0	2147700736	0	0	16
Qwen3-0.6B-Q8_0.gguf	8192	1	prefill	band	4096	4224	2905315281	3833917117	4572.162	5422.935	81.875	69.375	2150555648	0	0	27
Qwen3-0.6B-Q8_0.gguf	8192	2	generate	band	1	128	1637327620	0	5386.656	5447.74	76.75	70.375	2635304960	0	0	285
Qwen3-0.6B-Q8_0.gguf	8192	2	generate	band	129	384	3352184629	0	5386.656	5447.74	76.75	70.375	2635304960	0	0	285
Qwen3-0.6B-Q8_0.gguf	8192	2	generate	band	385	896	7222374393	0	5386.656	5447.74	76.75	70.375	2635304960	0	0	285
Qwen3-0.6B-Q8_0.gguf	8192	2	generate	band	897	1920	16458673007	0	5386.656	5447.74	76.75	70.375	2635304960	0	0	285
Qwen3-0.6B-Q8_0.gguf	8192	2	generate	band	1921	3968	40652945733	0	5386.656	5447.74	76.75	70.375	2635304960	0	0	285
Qwen3-0.6B-Q8_0.gguf	8192	2	generate	band	3969	4096	2864804284	0	5386.656	5447.74	76.75	70.375	2635304960	0	0	285
Qwen3-0.6B-Q8_0.gguf	8192	2	prefill	band	512	640	1803138408	315518320	4745.579	5440.503	79.5	67.0	2637242368	0	0	9
Qwen3-0.6B-Q8_0.gguf	8192	2	prefill	band	1024	1152	1972210236	676544520	4757.533	5422.585	80.0	67.0	2637463552	0	0	11
Qwen3-0.6B-Q8_0.gguf	8192	2	prefill	band	2048	2176	2276127402	1536618115	4576.123	5428.295	79.125	68.5	2637860864	0	0	16
Qwen3-0.6B-Q8_0.gguf	8192	2	prefill	band	4096	4224	2887671485	3848158049	4578.874	5450.983	72.125	69.375	2638618624	0	0	27
Qwen3-0.6B-Q8_0.gguf	8192	3	generate	band	1	128	1631984096	0	5391.032	5440.899	80.5	69.875	2639380480	0	0	286
Qwen3-0.6B-Q8_0.gguf	8192	3	generate	band	129	384	3446114426	0	5391.032	5440.899	80.5	69.875	2639380480	0	0	286
Qwen3-0.6B-Q8_0.gguf	8192	3	generate	band	385	896	7350050362	0	5391.032	5440.899	80.5	69.875	2639380480	0	0	286
Qwen3-0.6B-Q8_0.gguf	8192	3	generate	band	897	1920	16634670384	0	5391.032	5440.899	80.5	69.875	2639380480	0	0	286
Qwen3-0.6B-Q8_0.gguf	8192	3	generate	band	1921	3968	40576749767	0	5391.032	5440.899	80.5	69.875	2639380480	0	0	286
Qwen3-0.6B-Q8_0.gguf	8192	3	generate	band	3969	4096	2854402172	0	5391.032	5440.899	80.5	69.875	2639380480	0	0	286
Qwen3-0.6B-Q8_0.gguf	8192	3	prefill	band	512	640	1795664652	316692585	4636.413	5419.302	78.625	67.0	2641330176	0	0	9
Qwen3-0.6B-Q8_0.gguf	8192	3	prefill	band	1024	1152	1940967948	677415604	4644.361	5457.167	78.125	67.5	2641555456	0	0	11
Qwen3-0.6B-Q8_0.gguf	8192	3	prefill	band	2048	2176	2253514459	1568007094	4656.024	5470.703	75.125	68.875	2641952768	0	0	16
Qwen3-0.6B-Q8_0.gguf	8192	3	prefill	band	4096	4224	2874184234	3836564629	4474.892	5426.217	80.5	69.875	2642710528	0	0	27
SmolLM2-135M-Instruct-f16.gguf	8192	1	prefill	band	512	640	705785725	110132417	5466.393	5526.492	69.375	60.75	511979520	0	0	4
SmolLM2-135M-Instruct-f16.gguf	8192	1	prefill	band	1024	1152	765237826	250034780	4747.652	5482.241	72.375	62.75	512798720	0	0	5
SmolLM2-135M-Instruct-f16.gguf	8192	1	prefill	band	2048	2176	871906514	574819903	4949.708	5455.154	74.75	65.0	514134016	0	0	6
SmolLM2-135M-Instruct-f16.gguf	8192	1	prefill	band	4096	4224	1096844140	1615949997	4934.198	5470.836	77.125	67.5	517083136	0	0	11
SmolLM2-135M-Instruct-f16.gguf	8192	1	prefill	band	6144	6272	1251506496	3053027521	4810.946	5447.984	74.0	68.875	520601600	0	0	18
SmolLM2-135M-Instruct-f16.gguf	8192	2	prefill	band	512	640	701222150	138602096	5423.481	5436.038	78.625	64.125	665288704	0	0	4
SmolLM2-135M-Instruct-f16.gguf	8192	2	prefill	band	1024	1152	744227265	233446661	5082.388	5463.51	63.25	64.5	665509888	0	0	4
SmolLM2-135M-Instruct-f16.gguf	8192	2	prefill	band	2048	2176	887796928	575427827	4973.273	5440.668	75.125	67.0	665907200	0	0	6
SmolLM2-135M-Instruct-f16.gguf	8192	2	prefill	band	4096	4224	1104295594	1589892249	4883.567	5428.083	74.25	70.25	666664960	0	0	11
SmolLM2-135M-Instruct-f16.gguf	8192	2	prefill	band	6144	6272	1304461078	3049345384	4815.341	5415.746	77.625	69.0	667938816	0	0	18
SmolLM2-135M-Instruct-IQ3_M.gguf	8192	1	prefill	band	512	640	308343095	154427546	5407.232	5494.777	71.25	69.0	370139136	0	0	2
SmolLM2-135M-Instruct-IQ3_M.gguf	8192	1	prefill	band	1024	1152	346560528	319124042	4912.561	5462.366	71.25	70.875	370962432	0	0	3
SmolLM2-135M-Instruct-IQ3_M.gguf	8192	1	prefill	band	2048	2176	443318008	755816399	4854.287	5432.942	75.875	73.25	372297728	0	0	5
SmolLM2-135M-Instruct-IQ3_M.gguf	8192	1	prefill	band	4096	4224	632569923	1940452392	4783.825	5413.578	78.125	74.25	375255040	0	0	11
SmolLM2-135M-Instruct-IQ3_M.gguf	8192	1	prefill	band	6144	6272	829525492	3572636561	4719.219	5410.637	75.875	74.25	378777600	0	0	18
SmolLM2-135M-Instruct-IQ3_M.gguf	8192	2	prefill	band	512	640	295966568	181781223	5355.091	5396.625	77.25	72.75	523464704	0	0	2
SmolLM2-135M-Instruct-IQ3_M.gguf	8192	2	prefill	band	1024	1152	346089478	323058543	4828.178	5426.371	74.5	73.75	523685888	0	0	3
SmolLM2-135M-Instruct-IQ3_M.gguf	8192	2	prefill	band	2048	2176	442629413	752913039	4895.994	5431.516	77.125	82.875	524083200	0	0	5
SmolLM2-135M-Instruct-IQ3_M.gguf	8192	2	prefill	band	4096	4224	653635319	1951899192	4787.981	5387.413	77.125	75.125	524840960	0	0	11
SmolLM2-135M-Instruct-IQ3_M.gguf	8192	2	prefill	band	6144	6272	854408126	3569956046	4719.221	5387.565	81.0	75.625	526118912	0	0	18
SmolLM2-135M-Instruct-IQ3_XS.gguf	8192	1	prefill	band	512	640	330449052	155578315	5397.291	5468.823	75.25	69.375	374095872	0	0	2
SmolLM2-135M-Instruct-IQ3_XS.gguf	8192	1	prefill	band	1024	1152	360511045	323201046	4968.881	5419.858	81.5	73.75	374919168	0	0	3
SmolLM2-135M-Instruct-IQ3_XS.gguf	8192	1	prefill	band	2048	2176	479981211	775158920	4934.749	5447.058	80.5	78.125	376254464	0	0	5
SmolLM2-135M-Instruct-IQ3_XS.gguf	8192	1	prefill	band	4096	4224	699180339	2034003483	4877.501	5411.961	76.125	73.75	379207680	0	0	11
SmolLM2-135M-Instruct-IQ3_XS.gguf	8192	1	prefill	band	6144	6272	871370769	3811238387	4776.89	5386.301	82.875	75.125	382730240	0	0	19
SmolLM2-135M-Instruct-IQ3_XS.gguf	8192	2	prefill	band	512	640	313836707	178177124	5375.248	5396.562	78.125	73.25	527417344	0	0	2
SmolLM2-135M-Instruct-IQ3_XS.gguf	8192	2	prefill	band	1024	1152	356428881	320614462	4978.096	5403.019	80.0	73.75	527638528	0	0	3
SmolLM2-135M-Instruct-IQ3_XS.gguf	8192	2	prefill	band	2048	2176	451922506	746774744	4894.649	5426.092	83.375	75.25	528035840	0	0	5
SmolLM2-135M-Instruct-IQ3_XS.gguf	8192	2	prefill	band	4096	4224	650005772	1939771770	4790.892	5440.782	80.5	76.125	528793600	0	0	11
SmolLM2-135M-Instruct-IQ3_XS.gguf	8192	2	prefill	band	6144	6272	846442869	3568733560	4764.005	5388.28	79.5	76.625	530079744	0	0	18
SmolLM2-135M-Instruct-Q2_K.gguf	8192	1	prefill	band	512	640	286704174	115208881	5394.329	5449.497	75.25	70.375	373956608	0	0	2
SmolLM2-135M-Instruct-Q2_K.gguf	8192	1	prefill	band	1024	1152	333437944	246216731	4965.354	5354.388	78.625	76.125	374779904	0	0	3
SmolLM2-135M-Instruct-Q2_K.gguf	8192	1	prefill	band	2048	2176	421873688	594227902	4829.963	5425.09	79.125	74.75	376115200	0	0	5
SmolLM2-135M-Instruct-Q2_K.gguf	8192	1	prefill	band	4096	4224	619420619	1634967610	4851.952	5397.99	81.875	76.625	379068416	0	0	9
SmolLM2-135M-Instruct-Q2_K.gguf	8192	1	prefill	band	6144	6272	803660621	3130216579	4781.636	5396.764	80.5	77.125	382590976	0	0	16
SmolLM2-135M-Instruct-Q2_K.gguf	8192	2	prefill	band	512	640	286475725	146479454	5228.992	5403.602	73.25	69.375	527278080	0	0	2
SmolLM2-135M-Instruct-Q2_K.gguf	8192	2	prefill	band	1024	1152	333848518	243829899	4965.628	5440.794	74.0	73.25	527499264	0	0	3
SmolLM2-135M-Instruct-Q2_K.gguf	8192	2	prefill	band	2048	2176	419785397	596156790	4771.143	5409.234	78.125	74.25	527896576	0	0	5
SmolLM2-135M-Instruct-Q2_K.gguf	8192	2	prefill	band	4096	4224	620279661	1632689094	4733.267	5420.713	79.0	78.125	528654336	0	0	9
SmolLM2-135M-Instruct-Q2_K.gguf	8192	2	prefill	band	6144	6272	806989895	3120712011	4735.38	5417.98	81.5	77.625	529940480	0	0	16
SmolLM2-135M-Instruct-Q3_K_S.gguf	8192	1	prefill	band	512	640	294327826	116696714	5404.167	5422.9	73.75	70.875	374005760	0	0	2
SmolLM2-135M-Instruct-Q3_K_S.gguf	8192	1	prefill	band	1024	1152	332456775	247300382	4955.624	5416.726	74.5	75.625	374829056	0	0	3
SmolLM2-135M-Instruct-Q3_K_S.gguf	8192	1	prefill	band	2048	2176	431918323	595833911	4846.633	5418.599	81.0	74.75	376164352	0	0	5
SmolLM2-135M-Instruct-Q3_K_S.gguf	8192	1	prefill	band	4096	4224	616483851	1629722293	4720.118	5383.642	63.625	78.125	379121664	0	0	9
SmolLM2-135M-Instruct-Q3_K_S.gguf	8192	1	prefill	band	6144	6272	815430129	3123682602	4702.522	5390.089	82.375	77.125	382644224	0	0	16
SmolLM2-135M-Instruct-Q3_K_S.gguf	8192	2	prefill	band	512	640	286174159	141456759	5315.701	5379.781	81.5	71.875	527331328	0	0	2
SmolLM2-135M-Instruct-Q3_K_S.gguf	8192	2	prefill	band	1024	1152	332937085	242239930	4980.218	5385.836	82.375	73.75	527552512	0	0	3
SmolLM2-135M-Instruct-Q3_K_S.gguf	8192	2	prefill	band	2048	2176	429480594	599074253	4895.256	5384.686	85.75	75.625	527949824	0	0	5
SmolLM2-135M-Instruct-Q3_K_S.gguf	8192	2	prefill	band	4096	4224	635115996	1662599155	4747.729	5407.575	80.5	76.625	528707584	0	0	10
SmolLM2-135M-Instruct-Q3_K_S.gguf	8192	2	prefill	band	6144	6272	831620115	3147554024	4734.589	5386.102	83.875	78.125	529993728	0	0	16
SmolLM2-135M-Instruct-Q4_0.gguf	8192	1	prefill	band	512	640	303027774	109370477	5396.771	5464.696	79.125	70.875	391274496	0	0	2
SmolLM2-135M-Instruct-Q4_0.gguf	8192	1	prefill	band	1024	1152	350550793	225839781	5073.814	5399.607	80.0	73.75	392097792	0	0	3
SmolLM2-135M-Instruct-Q4_0.gguf	8192	1	prefill	band	2048	2176	446244015	554262057	4879.698	5383.427	81.875	75.25	393433088	0	0	4
SmolLM2-135M-Instruct-Q4_0.gguf	8192	1	prefill	band	4096	4224	632711890	1554699008	4742.764	5404.768	82.875	76.625	396390400	0	0	9
SmolLM2-135M-Instruct-Q4_0.gguf	8192	1	prefill	band	6144	6272	827572929	2995498014	4738.459	5363.848	82.375	77.125	399912960	0	0	16
SmolLM2-135M-Instruct-Q4_0.gguf	8192	2	prefill	band	512	640	302031199	135100799	5352.915	5390.576	81.875	71.875	544600064	0	0	2
SmolLM2-135M-Instruct-Q4_0.gguf	8192	2	prefill	band	1024	1152	346396261	224615412	5070.958	5379.565	81.0	73.25	544821248	0	0	3
SmolLM2-135M-Instruct-Q4_0.gguf	8192	2	prefill	band	2048	2176	439610114	556394052	4853.591	5384.936	81.875	76.125	545218560	0	0	4
SmolLM2-135M-Instruct-Q4_0.gguf	8192	2	prefill	band	4096	4224	626609817	1554947083	4797.174	5357.152	81.0	78.125	545976320	0	0	9
SmolLM2-135M-Instruct-Q4_0.gguf	8192	2	prefill	band	6144	6272	821762623	2991825823	4688.914	5383.947	82.875	77.625	547254272	0	0	16
SmolLM2-135M-Instruct-Q4_K_M.gguf	8192	1	prefill	band	512	640	317771486	141058928	5344.797	5400.863	78.625	73.75	354758656	0	0	2
SmolLM2-135M-Instruct-Q4_K_M.gguf	8192	1	prefill	band	1024	1152	365321596	288980743	4833.857	5461.452	72.875	76.125	355590144	0	0	3
SmolLM2-135M-Instruct-Q4_K_M.gguf	8192	1	prefill	band	2048	2176	459106241	705694584	4746.339	5407.331	77.75	76.625	356925440	0	0	5
SmolLM2-135M-Instruct-Q4_K_M.gguf	8192	1	prefill	band	4096	4224	655878011	1829645076	4709.688	5421.316	81.875	78.125	359882752	0	0	10
SmolLM2-135M-Instruct-Q4_K_M.gguf	8192	1	prefill	band	6144	6272	860139800	3416141544	4706.828	5384.229	82.875	78.5	363401216	0	0	17
SmolLM2-135M-Instruct-Q4_K_M.gguf	8192	2	prefill	band	512	640	317496842	167106306	5325.004	5379.688	83.25	77.625	508088320	0	0	2
SmolLM2-135M-Instruct-Q4_K_M.gguf	8192	2	prefill	band	1024	1152	372196807	292073866	4869.975	5383.278	82.375	76.125	508317696	0	0	3
SmolLM2-135M-Instruct-Q4_K_M.gguf	8192	2	prefill	band	2048	2176	462650826	689295126	4841.707	5385.776	83.25	78.125	508715008	0	0	5
SmolLM2-135M-Instruct-Q4_K_M.gguf	8192	2	prefill	band	4096	4224	660655645	1839318776	4783.522	5378.545	82.875	78.5	509472768	0	0	10
SmolLM2-135M-Instruct-Q4_K_M.gguf	8192	2	prefill	band	6144	6272	851497951	3388795493	4727.114	5378.493	81.875	80.0	510754816	0	0	17
SmolLM2-135M-Instruct-Q4_K_S.gguf	8192	1	prefill	band	512	640	331713184	148316381	5333.269	5449.027	79.0	72.75	356638720	0	0	2
SmolLM2-135M-Instruct-Q4_K_S.gguf	8192	1	prefill	band	1024	1152	375623418	296659861	4816.497	5395.51	81.875	76.125	357462016	0	0	3
SmolLM2-135M-Instruct-Q4_K_S.gguf	8192	1	prefill	band	2048	2176	470079425	696068164	4829.047	5429.66	84.25	77.125	358797312	0	0	5
SmolLM2-135M-Instruct-Q4_K_S.gguf	8192	1	prefill	band	4096	4224	653266239	1841217095	4745.059	5385.329	84.625	80.5	361754624	0	0	10
SmolLM2-135M-Instruct-Q4_K_S.gguf	8192	1	prefill	band	6144	6272	882227739	3417846553	4759.556	5380.429	82.875	78.5	365277184	0	0	18
SmolLM2-135M-Instruct-Q4_K_S.gguf	8192	2	prefill	band	512	640	321222642	173228658	5254.074	5382.533	83.375	74.75	509964288	0	0	2
SmolLM2-135M-Instruct-Q4_K_S.gguf	8192	2	prefill	band	1024	1152	366157714	289891955	4854.251	5423.272	79.0	77.125	510185472	0	0	3
SmolLM2-135M-Instruct-Q4_K_S.gguf	8192	2	prefill	band	2048	2176	456297592	687442616	4836.938	5377.562	84.375	77.625	510582784	0	0	5
SmolLM2-135M-Instruct-Q4_K_S.gguf	8192	2	prefill	band	4096	4224	654925671	1814725608	4721.786	5401.391	76.625	78.625	511340544	0	0	10
SmolLM2-135M-Instruct-Q4_K_S.gguf	8192	2	prefill	band	6144	6272	843629672	3385672696	4717.298	5386.846	81.375	79.5	512622592	0	0	17
SmolLM2-135M-Instruct-Q5_K_M.gguf	8192	1	prefill	band	512	640	331540955	170877805	5342.392	5448.775	80.5	74.75	353161216	0	0	2
SmolLM2-135M-Instruct-Q5_K_M.gguf	8192	1	prefill	band	1024	1152	393703606	358556866	4702.753	5409.438	81.875	76.125	353984512	0	0	3
SmolLM2-135M-Instruct-Q5_K_M.gguf	8192	1	prefill	band	2048	2176	481815660	824278301	4628.053	5381.302	85.125	77.125	355319808	0	0	6
SmolLM2-135M-Instruct-Q5_K_M.gguf	8192	1	prefill	band	4096	4224	698536921	2086295532	4647.984	5400.881	85.75	79.0	358277120	0	0	12
SmolLM2-135M-Instruct-Q5_K_M.gguf	8192	1	prefill	band	6144	6271	877868087	3835841173	4632.351	5375.038	80.5	79.5	361795584	0	0	19
SmolLM2-135M-Instruct-Q5_K_M.gguf	8192	2	prefill	band	512	640	335329517	198036207	5297.287	5393.147	82.875	76.125	506482688	0	0	3
SmolLM2-135M-Instruct-Q5_K_M.gguf	8192	2	prefill	band	1024	1152	384763498	352468708	4829.567	5382.526	81.875	79.0	506703872	0	0	3
SmolLM2-135M-Instruct-Q5_K_M.gguf	8192	2	prefill	band	2048	2176	470803431	823241228	4687.907	5379.526	83.375	78.125	507101184	0	0	6
SmolLM2-135M-Instruct-Q5_K_M.gguf	8192	2	prefill	band	4096	4224	669388406	2090431207	4622.663	5371.54	86.125	80.0	507858944	0	0	11
SmolLM2-135M-Instruct-Q5_K_M.gguf	8192	2	prefill	band	6144	6271	895532961	3803046026	4625.997	5364.455	83.375	78.5	509140992	0	0	19
SmolLM2-135M-Instruct-Q6_K.gguf	8192	1	prefill	band	512	640	430993164	124646807	5382.889	5416.269	77.125	72.625	379600896	0	0	3
SmolLM2-135M-Instruct-Q6_K.gguf	8192	1	prefill	band	1024	1152	447110281	254481809	4819.467	5366.17	81.0	72.75	379969536	0	0	3
SmolLM2-135M-Instruct-Q6_K.gguf	8192	1	prefill	band	2048	2176	533097381	613089424	4790.996	5406.267	81.875	75.125	381620224	0	0	5
SmolLM2-135M-Instruct-Q6_K.gguf	8192	1	prefill	band	4096	4224	744420359	1668949934	4783.283	5422.46	85.25	77.125	384704512	0	0	10
SmolLM2-135M-Instruct-Q6_K.gguf	8192	1	prefill	band	6144	6272	930678681	3161091708	4743.422	5381.919	81.0	78.125	388227072	0	0	17
SmolLM2-135M-Instruct-Q6_K.gguf	8192	2	prefill	band	512	640	384501758	148929963	5324.52	5377.207	85.625	73.25	532914176	0	0	3
SmolLM2-135M-Instruct-Q6_K.gguf	8192	2	prefill	band	1024	1152	436179017	251539566	4818.668	5381.659	79.125	74.25	533135360	0	0	3
SmolLM2-135M-Instruct-Q6_K.gguf	8192	2	prefill	band	2048	2176	536506559	607671998	4791.668	5390.166	83.875	75.125	533532672	0	0	5
SmolLM2-135M-Instruct-Q6_K.gguf	8192	2	prefill	band	4096	4224	740145875	1649099672	4744.327	5379.825	83.875	77.125	534290432	0	0	10
SmolLM2-135M-Instruct-Q6_K.gguf	8192	2	prefill	band	6144	6272	912788074	3122895548	4721.095	5437.719	77.75	78.5	535572480	0	0	17
SmolLM2-135M-Instruct-Q8_0.gguf	8192	1	prefill	band	512	640	404452463	129191343	5285.002	5398.18	78.625	71.75	385814528	0	0	3
SmolLM2-135M-Instruct-Q8_0.gguf	8192	1	prefill	band	1024	1152	446648860	234064463	4965.989	5393.298	82.875	73.75	386183168	0	0	3
SmolLM2-135M-Instruct-Q8_0.gguf	8192	1	prefill	band	2048	2176	544180066	581907059	4742.373	5347.333	84.375	75.125	387833856	0	0	5
SmolLM2-135M-Instruct-Q8_0.gguf	8192	1	prefill	band	4096	4224	737096267	1601229901	4761.285	5391.24	84.375	76.625	390918144	0	0	10
SmolLM2-135M-Instruct-Q8_0.gguf	8192	1	prefill	band	6144	6272	929208651	3069977948	4736.997	5384.878	79.0	78.125	394440704	0	0	16
SmolLM2-135M-Instruct-Q8_0.gguf	8192	2	prefill	band	512	640	397821758	143821328	5335.929	5404.132	79.5	73.75	539127808	0	0	3
SmolLM2-135M-Instruct-Q8_0.gguf	8192	2	prefill	band	1024	1152	457189977	239386457	4912.732	5380.809	81.875	74.25	539348992	0	0	3
SmolLM2-135M-Instruct-Q8_0.gguf	8192	2	prefill	band	2048	2176	543758810	580129662	4726.494	5382.802	81.875	75.625	539746304	0	0	5
SmolLM2-135M-Instruct-Q8_0.gguf	8192	2	prefill	band	4096	4224	732790065	1601704658	4731.55	5415.987	83.75	77.625	540504064	0	0	10
SmolLM2-135M-Instruct-Q8_0.gguf	8192	2	prefill	band	6144	6272	933474975	3081113405	4726.351	5375.061	85.25	77.625	541782016	0	0	16
Llama-160M-Chat-v1.IQ4_XS.gguf	8192	1	prefill	band	513	641	216013180	142068037	5334.631	5424.373	78.125	73.25	467484672	0	0	2
Llama-160M-Chat-v1.IQ4_XS.gguf	8192	1	prefill	band	1025	1153	268403591	269643931	4914.614	5380.309	81.375	75.625	468033536	0	0	3
Llama-160M-Chat-v1.IQ4_XS.gguf	8192	2	prefill	band	513	641	213690550	140621411	5331.086	5398.69	82.375	74.25	514908160	0	0	2
Llama-160M-Chat-v1.IQ4_XS.gguf	8192	2	prefill	band	1025	1153	274473855	269954044	4940.33	5391.667	81.875	74.75	515280896	0	0	3
Llama-160M-Chat-v1.Q4_K.gguf	8192	1	prefill	band	513	641	253212184	97625877	5410.196	5442.672	77.625	69.875	529481728	0	0	2
Llama-160M-Chat-v1.Q4_K.gguf	8192	1	prefill	band	1025	1153	299678331	176954180	5297.557	5392.942	82.375	70.875	530255872	0	0	2
Llama-160M-Chat-v1.Q4_K.gguf	8192	2	prefill	band	513	641	251976422	98369689	5399.847	5451.716	69.5	69.875	577150976	0	0	2
Llama-160M-Chat-v1.Q4_K.gguf	8192	2	prefill	band	1025	1153	303766656	177009765	5358.198	5394.393	82.875	73.25	577523712	0	0	2
SmolLM2-360M-Instruct.Q5_1.gguf	8192	1	prefill	band	512	640	803055887	421214181	4646.296	5481.037	75.25	73.75	685715456	0	0	5
SmolLM2-360M-Instruct.Q5_1.gguf	8192	1	prefill	band	1024	1152	850778124	855326159	4468.264	5400.68	85.25	75.625	686538752	0	0	7
SmolLM2-360M-Instruct.Q5_1.gguf	8192	1	prefill	band	2048	2176	994029032	1866655721	4464.267	5383.008	75.875	77.625	687087616	0	0	12
SmolLM2-360M-Instruct.Q5_1.gguf	8192	1	prefill	band	4096	4224	1265708766	4364592728	4405.379	5388.861	82.375	79.5	690040832	0	0	23
SmolLM2-360M-Instruct.Q5_1.gguf	8192	1	prefill	band	6144	6272	1551383231	7493615326	4438.906	5377.288	75.875	80.5	693563392	0	0	36
SmolLM2-360M-Instruct.Q5_1.gguf	8192	2	prefill	band	512	640	792945018	469838816	4586.823	5371.18	85.25	76.625	950628352	0	0	5
SmolLM2-360M-Instruct.Q5_1.gguf	8192	2	prefill	band	1024	1152	865045465	855959048	4468.686	5379.635	84.375	78.5	950849536	0	0	7
SmolLM2-360M-Instruct.Q5_1.gguf	8192	2	prefill	band	2048	2176	988551693	1869934897	4391.336	5394.612	75.375	78.125	951246848	0	0	12
SmolLM2-360M-Instruct.Q5_1.gguf	8192	2	prefill	band	4096	4224	1251366301	4369625146	4523.499	5360.729	83.875	80.5	952004608	0	0	23
SmolLM2-360M-Instruct.Q5_1.gguf	8192	2	prefill	band	6144	6272	1539787296	7525587201	4393.661	5374.675	86.75	81.0	953290752	0	0	36
Qwen3-0.6B-Q8_0.gguf	8192	1	prefill	band	512	640	1798060665	320835373	4665.453	5398.736	79.5	70.875	1674743808	0	0	9
Qwen3-0.6B-Q8_0.gguf	8192	1	prefill	band	1024	1152	1929766373	669821093	4702.598	5404.787	80.0	71.375	1677221888	0	0	11
Qwen3-0.6B-Q8_0.gguf	8192	1	prefill	band	2048	2176	2245610084	1528738407	4602.132	5383.758	81.875	75.125	1678667776	0	0	15
Qwen3-0.6B-Q8_0.gguf	8192	1	prefill	band	4096	4224	2860017788	3818071787	4454.067	5395.748	78.125	72.375	1681522688	0	0	27
Qwen3-0.6B-Q8_0.gguf	8192	1	prefill	band	6144	6272	3498823567	6921217653	4590.068	5407.814	81.5	74.0	1684819968	0	0	42
Qwen3-0.6B-Q8_0.gguf	8192	2	prefill	band	512	640	1784717859	469044769	4606.438	5405.688	83.875	70.375	2404233216	0	0	9
Qwen3-0.6B-Q8_0.gguf	8192	2	prefill	band	1024	1152	1929623974	679297727	4468.48	5386.94	82.875	71.375	2404454400	0	0	11
Qwen3-0.6B-Q8_0.gguf	8192	2	prefill	band	2048	2176	2261683077	1533559111	4632.833	5417.396	78.125	71.875	2404851712	0	0	15
Qwen3-0.6B-Q8_0.gguf	8192	2	prefill	band	4096	4224	2846323331	3819233898	4579.506	5414.238	81.0	73.25	2405609472	0	0	27
Qwen3-0.6B-Q8_0.gguf	8192	2	prefill	band	6144	6272	3491497754	6885338813	4596.874	5386.492	81.375	74.625	2406809600	0	0	42
Qwen3-1.7B-Q8_0.gguf	8192	1	prefill	band	512	640	4538042430	854430065	4479.5	5429.74	76.75	69.75	2900123648	0	0	22
Qwen3-1.7B-Q8_0.gguf	8192	1	prefill	band	1024	1152	4655274282	1716949304	4454.086	5422.478	81.0	69.375	2900348928	0	0	26
Qwen3-1.7B-Q8_0.gguf	8192	1	prefill	band	2048	2176	4990709392	3624455958	4450.792	5406.04	82.375	70.375	2900746240	0	0	34
Qwen3-1.7B-Q8_0.gguf	8192	1	prefill	band	4096	4224	5593605233	7981257684	4427.414	5391.712	83.375	71.375	2901508096	0	0	54
Qwen3-1.7B-Q8_0.gguf	8192	1	prefill	band	6144	6272	6187093248	13126390380	4463.693	5382.466	82.375	71.375	2906615808	0	0	77
Qwen3-1.7B-Q8_0.gguf	8192	2	prefill	band	512	640	4496882353	977058665	4487.49	5406.165	82.375	69.375	3626029056	0	0	22
Qwen3-1.7B-Q8_0.gguf	8192	2	prefill	band	1024	1152	4653085398	1699326978	4475.047	5408.893	81.5	69.375	3626254336	0	0	25
Qwen3-1.7B-Q8_0.gguf	8192	2	prefill	band	2048	2176	4946391420	3615922006	4457.113	5446.407	60.75	70.875	3626651648	0	0	34
Qwen3-1.7B-Q8_0.gguf	8192	2	prefill	band	4096	4224	5574508449	8015624766	4449.399	5441.444	72.875	70.375	3627409408	0	0	54
Qwen3-1.7B-Q8_0.gguf	8192	2	prefill	band	6144	6272	6194416686	13149536415	4487.454	5393.795	83.875	72.75	3628609536	0	0	77
Qwen3-4B-Q4_K_M.gguf	8192	1	prefill	band	512	640	6344462934	1990164071	4535.135	5440.04	77.75	70.375	5616201728	0	0	33
Qwen3-4B-Q4_K_M.gguf	8192	1	prefill	band	1024	1152	6559832422	4083631162	4536.895	5446.375	80.5	70.875	5616422912	0	0	42
Qwen3-4B-Q4_K_M.gguf	8192	1	prefill	band	2048	2176	6983227483	8649152035	4544.13	5392.156	81.875	71.875	5616820224	0	0	62
Qwen3-4B-Q4_K_M.gguf	8192	1	prefill	band	4096	4224	7801057089	19221739656	4535.766	5404.133	81.875	73.25	5617577984	0	0	107
Qwen3-4B-Q4_K_M.gguf	8192	1	prefill	band	6144	6272	8699703642	31677066958	4492.836	5374.016	84.375	76.125	5619810304	0	0	160
Qwen3-4B-Q4_K_M.gguf	8192	2	prefill	band	512	640	6354468839	2169975552	4548.054	5397.565	85.625	71.375	6544711680	0	0	34
Qwen3-4B-Q4_K_M.gguf	8192	2	prefill	band	1024	1152	6581139410	4058743881	4505.515	5386.083	79.5	69.875	6544932864	0	0	43
Qwen3-4B-Q4_K_M.gguf	8192	2	prefill	band	2048	2176	6990007173	8642006176	4544.109	5397.745	79.5	72.75	6545330176	0	0	62
Qwen3-4B-Q4_K_M.gguf	8192	2	prefill	band	4096	4224	7800240359	19209966310	4509.119	5416.37	78.5	73.25	6546087936	0	0	107
Qwen3-4B-Q4_K_M.gguf	8192	2	prefill	band	6144	6272	8889573266	32503901788	4472.609	5378.887	81.5	76.625	6547288064	0	0	165
Qwen3-8B-Q4_K_M.gguf	8192	1	prefill	band	512	640	11488736603	3690159533	4433.368	5399.35	80.5	70.875	9749147648	0	0	60
Qwen3-8B-Q4_K_M.gguf	8192	1	prefill	band	1024	1152	11788620860	7450362395	4472.858	5397.556	78.125	70.875	9749368832	0	0	76
Qwen3-8B-Q4_K_M.gguf	8192	1	prefill	band	2048	2176	12194684415	15652252903	4448.872	5396.865	82.375	71.875	9749766144	0	0	110
Qwen3-8B-Q4_K_M.gguf	8192	1	prefill	band	4096	4224	13012648061	32766481175	4454.232	5405.757	81.875	73.25	9750523904	0	0	182
