model	allocation	repeat	arrival	kind	from_token	to_token	nanoseconds	prefill_ns
SmolLM2-135M-Instruct-f16.gguf	1024	1	generate	band	1	128	634083699	0
SmolLM2-135M-Instruct-f16.gguf	1024	1	generate	band	129	384	1315359939	0
SmolLM2-135M-Instruct-f16.gguf	1024	1	generate	band	385	896	2837889667	0
SmolLM2-135M-Instruct-f16.gguf	1024	1	generate	band	897	1023	732321425	0
SmolLM2-135M-Instruct-f16.gguf	2048	1	generate	band	1	128	640512112	0
SmolLM2-135M-Instruct-f16.gguf	2048	1	generate	band	129	384	1333714876	0
SmolLM2-135M-Instruct-f16.gguf	2048	1	generate	band	385	896	2840042715	0
SmolLM2-135M-Instruct-f16.gguf	2048	1	generate	band	897	1024	737727241	0
SmolLM2-135M-Instruct-f16.gguf	4096	1	generate	band	1	128	632454325	0
SmolLM2-135M-Instruct-f16.gguf	4096	1	generate	band	129	384	1336477809	0
SmolLM2-135M-Instruct-f16.gguf	4096	1	generate	band	385	896	2762243792	0
SmolLM2-135M-Instruct-f16.gguf	4096	1	generate	band	897	1024	707162717	0
SmolLM2-135M-Instruct-f16.gguf	8192	1	generate	band	1	128	672417068	0
SmolLM2-135M-Instruct-f16.gguf	8192	1	generate	band	129	384	1383226620	0
SmolLM2-135M-Instruct-f16.gguf	8192	1	generate	band	385	896	2824185803	0
SmolLM2-135M-Instruct-f16.gguf	8192	1	generate	band	897	1024	726305051	0
SmolLM2-135M-Instruct-f16.gguf	1024	2	generate	band	1	128	642029813	0
SmolLM2-135M-Instruct-f16.gguf	1024	2	generate	band	129	384	1331419758	0
SmolLM2-135M-Instruct-f16.gguf	1024	2	generate	band	385	896	2841759487	0
SmolLM2-135M-Instruct-f16.gguf	1024	2	generate	band	897	1023	715091409	0
SmolLM2-135M-Instruct-f16.gguf	2048	2	generate	band	1	128	632248701	0
SmolLM2-135M-Instruct-f16.gguf	2048	2	generate	band	129	384	1312295629	0
SmolLM2-135M-Instruct-f16.gguf	2048	2	generate	band	385	896	2813493219	0
SmolLM2-135M-Instruct-f16.gguf	2048	2	generate	band	897	1024	733891978	0
SmolLM2-135M-Instruct-f16.gguf	4096	2	generate	band	1	128	638439478	0
SmolLM2-135M-Instruct-f16.gguf	4096	2	generate	band	129	384	1328649831	0
SmolLM2-135M-Instruct-f16.gguf	4096	2	generate	band	385	896	2816079273	0
SmolLM2-135M-Instruct-f16.gguf	4096	2	generate	band	897	1024	718279614	0
SmolLM2-135M-Instruct-f16.gguf	8192	2	generate	band	1	128	651275634	0
SmolLM2-135M-Instruct-f16.gguf	8192	2	generate	band	129	384	1382559364	0
SmolLM2-135M-Instruct-f16.gguf	8192	2	generate	band	385	896	2879890299	0
SmolLM2-135M-Instruct-f16.gguf	8192	2	generate	band	897	1024	738525918	0
SmolLM2-135M-Instruct-f16.gguf	1024	3	generate	band	1	128	673649066	0
SmolLM2-135M-Instruct-f16.gguf	1024	3	generate	band	129	384	1357207306	0
SmolLM2-135M-Instruct-f16.gguf	1024	3	generate	band	385	896	2897990240	0
SmolLM2-135M-Instruct-f16.gguf	1024	3	generate	band	897	1023	749287385	0
SmolLM2-135M-Instruct-f16.gguf	2048	3	generate	band	1	128	654085105	0
SmolLM2-135M-Instruct-f16.gguf	2048	3	generate	band	129	384	1390749915	0
SmolLM2-135M-Instruct-f16.gguf	2048	3	generate	band	385	896	2819597791	0
SmolLM2-135M-Instruct-f16.gguf	2048	3	generate	band	897	1024	719438030	0
SmolLM2-135M-Instruct-f16.gguf	4096	3	generate	band	1	128	667892208	0
SmolLM2-135M-Instruct-f16.gguf	4096	3	generate	band	129	384	1386642972	0
SmolLM2-135M-Instruct-f16.gguf	4096	3	generate	band	385	896	2849879203	0
SmolLM2-135M-Instruct-f16.gguf	4096	3	generate	band	897	1024	728018708	0
SmolLM2-135M-Instruct-f16.gguf	8192	3	generate	band	1	128	628833521	0
SmolLM2-135M-Instruct-f16.gguf	8192	3	generate	band	129	384	1370297457	0
SmolLM2-135M-Instruct-f16.gguf	8192	3	generate	band	385	896	2813158128	0
SmolLM2-135M-Instruct-f16.gguf	8192	3	generate	band	897	1024	719178653	0
SmolLM2-135M-Instruct-IQ3_M.gguf	1024	1	generate	band	1	128	255246929	0
SmolLM2-135M-Instruct-IQ3_M.gguf	1024	1	generate	band	129	384	579047893	0
SmolLM2-135M-Instruct-IQ3_M.gguf	1024	1	generate	band	385	896	1274429164	0
SmolLM2-135M-Instruct-IQ3_M.gguf	1024	1	generate	band	897	1023	333868585	0
SmolLM2-135M-Instruct-IQ3_M.gguf	2048	1	generate	band	1	128	244195165	0
SmolLM2-135M-Instruct-IQ3_M.gguf	2048	1	generate	band	129	384	532925762	0
SmolLM2-135M-Instruct-IQ3_M.gguf	2048	1	generate	band	385	896	1197572011	0
SmolLM2-135M-Instruct-IQ3_M.gguf	2048	1	generate	band	897	1024	320966975	0
SmolLM2-135M-Instruct-IQ3_M.gguf	4096	1	generate	band	1	128	254982833	0
SmolLM2-135M-Instruct-IQ3_M.gguf	4096	1	generate	band	129	384	568311164	0
SmolLM2-135M-Instruct-IQ3_M.gguf	4096	1	generate	band	385	896	1287960407	0
SmolLM2-135M-Instruct-IQ3_M.gguf	4096	1	generate	band	897	1024	347343390	0
SmolLM2-135M-Instruct-IQ3_M.gguf	8192	1	generate	band	1	128	243182730	0
SmolLM2-135M-Instruct-IQ3_M.gguf	8192	1	generate	band	129	384	539854850	0
SmolLM2-135M-Instruct-IQ3_M.gguf	8192	1	generate	band	385	896	1196114565	0
SmolLM2-135M-Instruct-IQ3_M.gguf	8192	1	generate	band	897	1024	328428161	0
SmolLM2-135M-Instruct-IQ3_M.gguf	1024	2	generate	band	1	128	250277737	0
SmolLM2-135M-Instruct-IQ3_M.gguf	1024	2	generate	band	129	384	558676660	0
SmolLM2-135M-Instruct-IQ3_M.gguf	1024	2	generate	band	385	896	1285925346	0
SmolLM2-135M-Instruct-IQ3_M.gguf	1024	2	generate	band	897	1023	360417750	0
SmolLM2-135M-Instruct-IQ3_M.gguf	2048	2	generate	band	1	128	247926742	0
SmolLM2-135M-Instruct-IQ3_M.gguf	2048	2	generate	band	129	384	531513920	0
SmolLM2-135M-Instruct-IQ3_M.gguf	2048	2	generate	band	385	896	1222452247	0
SmolLM2-135M-Instruct-IQ3_M.gguf	2048	2	generate	band	897	1024	324147667	0
SmolLM2-135M-Instruct-IQ3_M.gguf	4096	2	generate	band	1	128	270453667	0
SmolLM2-135M-Instruct-IQ3_M.gguf	4096	2	generate	band	129	384	548144511	0
SmolLM2-135M-Instruct-IQ3_M.gguf	4096	2	generate	band	385	896	1238805777	0
SmolLM2-135M-Instruct-IQ3_M.gguf	4096	2	generate	band	897	1024	339432654	0
SmolLM2-135M-Instruct-IQ3_M.gguf	8192	2	generate	band	1	128	254389099	0
SmolLM2-135M-Instruct-IQ3_M.gguf	8192	2	generate	band	129	384	547041202	0
SmolLM2-135M-Instruct-IQ3_M.gguf	8192	2	generate	band	385	896	1193713443	0
SmolLM2-135M-Instruct-IQ3_M.gguf	8192	2	generate	band	897	1024	326538819	0
SmolLM2-135M-Instruct-IQ3_M.gguf	1024	3	generate	band	1	128	261025007	0
SmolLM2-135M-Instruct-IQ3_M.gguf	1024	3	generate	band	129	384	562925475	0
SmolLM2-135M-Instruct-IQ3_M.gguf	1024	3	generate	band	385	896	1242503949	0
SmolLM2-135M-Instruct-IQ3_M.gguf	1024	3	generate	band	897	1023	329970681	0
SmolLM2-135M-Instruct-IQ3_M.gguf	2048	3	generate	band	1	128	260503400	0
SmolLM2-135M-Instruct-IQ3_M.gguf	2048	3	generate	band	129	384	534057856	0
SmolLM2-135M-Instruct-IQ3_M.gguf	2048	3	generate	band	385	896	1203783078	0
SmolLM2-135M-Instruct-IQ3_M.gguf	2048	3	generate	band	897	1024	333196118	0
SmolLM2-135M-Instruct-IQ3_M.gguf	4096	3	generate	band	1	128	253221727	0
SmolLM2-135M-Instruct-IQ3_M.gguf	4096	3	generate	band	129	384	555066186	0
SmolLM2-135M-Instruct-IQ3_M.gguf	4096	3	generate	band	385	896	1231870475	0
SmolLM2-135M-Instruct-IQ3_M.gguf	4096	3	generate	band	897	1024	330677293	0
SmolLM2-135M-Instruct-IQ3_M.gguf	8192	3	generate	band	1	128	257013407	0
SmolLM2-135M-Instruct-IQ3_M.gguf	8192	3	generate	band	129	384	563643027	0
SmolLM2-135M-Instruct-IQ3_M.gguf	8192	3	generate	band	385	896	1281184010	0
SmolLM2-135M-Instruct-IQ3_M.gguf	8192	3	generate	band	897	1024	338482588	0
Qwen3-0.6B-Q8_0.gguf	1024	1	generate	band	1	128	1666825152	0
Qwen3-0.6B-Q8_0.gguf	1024	1	generate	band	129	384	3445523213	0
Qwen3-0.6B-Q8_0.gguf	1024	1	generate	band	385	896	7481827504	0
Qwen3-0.6B-Q8_0.gguf	1024	1	generate	band	897	1023	1899216447	0
Qwen3-0.6B-Q8_0.gguf	2048	1	generate	band	1	128	1683454968	0
Qwen3-0.6B-Q8_0.gguf	2048	1	generate	band	129	384	3514307386	0
Qwen3-0.6B-Q8_0.gguf	2048	1	generate	band	385	896	7510150744	0
Qwen3-0.6B-Q8_0.gguf	2048	1	generate	band	897	1024	1959123848	0
Qwen3-0.6B-Q8_0.gguf	4096	1	generate	band	1	128	1669381100	0
Qwen3-0.6B-Q8_0.gguf	4096	1	generate	band	129	384	3551291187	0
Qwen3-0.6B-Q8_0.gguf	4096	1	generate	band	385	896	7435111450	0
Qwen3-0.6B-Q8_0.gguf	4096	1	generate	band	897	1024	1937550611	0
Qwen3-0.6B-Q8_0.gguf	8192	1	generate	band	1	128	1616648856	0
Qwen3-0.6B-Q8_0.gguf	8192	1	generate	band	129	384	3403240980	0
Qwen3-0.6B-Q8_0.gguf	8192	1	generate	band	385	896	7398169049	0
Qwen3-0.6B-Q8_0.gguf	8192	1	generate	band	897	1024	1964112988	0
Qwen3-0.6B-Q8_0.gguf	1024	2	generate	band	1	128	1631893383	0
Qwen3-0.6B-Q8_0.gguf	1024	2	generate	band	129	384	3427577530	0
Qwen3-0.6B-Q8_0.gguf	1024	2	generate	band	385	896	7437837233	0
Qwen3-0.6B-Q8_0.gguf	1024	2	generate	band	897	1023	1973655233	0
Qwen3-0.6B-Q8_0.gguf	2048	2	generate	band	1	128	1673570960	0
Qwen3-0.6B-Q8_0.gguf	2048	2	generate	band	129	384	3522558863	0
Qwen3-0.6B-Q8_0.gguf	2048	2	generate	band	385	896	7346004260	0
Qwen3-0.6B-Q8_0.gguf	2048	2	generate	band	897	1024	1919712800	0
Qwen3-0.6B-Q8_0.gguf	4096	2	generate	band	1	128	1609022445	0
Qwen3-0.6B-Q8_0.gguf	4096	2	generate	band	129	384	3419477253	0
Qwen3-0.6B-Q8_0.gguf	4096	2	generate	band	385	896	7342327972	0
Qwen3-0.6B-Q8_0.gguf	4096	2	generate	band	897	1024	1983166929	0
Qwen3-0.6B-Q8_0.gguf	8192	2	generate	band	1	128	1684858480	0
Qwen3-0.6B-Q8_0.gguf	8192	2	generate	band	129	384	3434882688	0
Qwen3-0.6B-Q8_0.gguf	8192	2	generate	band	385	896	7312679697	0
Qwen3-0.6B-Q8_0.gguf	8192	2	generate	band	897	1024	1967678846	0
Qwen3-0.6B-Q8_0.gguf	1024	3	generate	band	1	128	1648334408	0
Qwen3-0.6B-Q8_0.gguf	1024	3	generate	band	129	384	3463696099	0
Qwen3-0.6B-Q8_0.gguf	1024	3	generate	band	385	896	7338795327	0
Qwen3-0.6B-Q8_0.gguf	1024	3	generate	band	897	1023	1931184320	0
Qwen3-0.6B-Q8_0.gguf	2048	3	generate	band	1	128	1692151986	0
Qwen3-0.6B-Q8_0.gguf	2048	3	generate	band	129	384	3579988636	0
Qwen3-0.6B-Q8_0.gguf	2048	3	generate	band	385	896	7541482796	0
Qwen3-0.6B-Q8_0.gguf	2048	3	generate	band	897	1024	1975750768	0
Qwen3-0.6B-Q8_0.gguf	4096	3	generate	band	1	128	1663562394	0
Qwen3-0.6B-Q8_0.gguf	4096	3	generate	band	129	384	3491888130	0
Qwen3-0.6B-Q8_0.gguf	4096	3	generate	band	385	896	7522045267	0
Qwen3-0.6B-Q8_0.gguf	4096	3	generate	band	897	1024	1965840220	0
Qwen3-0.6B-Q8_0.gguf	8192	3	generate	band	1	128	1628811692	0
Qwen3-0.6B-Q8_0.gguf	8192	3	generate	band	129	384	3475824038	0
Qwen3-0.6B-Q8_0.gguf	8192	3	generate	band	385	896	7501740394	0
Qwen3-0.6B-Q8_0.gguf	8192	3	generate	band	897	1024	1978200192	0
Qwen3-1.7B-Q8_0.gguf	1024	1	generate	band	1	128	4585440462	0
Qwen3-1.7B-Q8_0.gguf	1024	1	generate	band	129	384	9277474667	0
Qwen3-1.7B-Q8_0.gguf	1024	1	generate	band	385	896	18338382721	0
Qwen3-1.7B-Q8_0.gguf	1024	1	generate	band	897	1007	3997456833	0
Qwen3-1.7B-Q8_0.gguf	2048	1	generate	band	1	128	4549106522	0
Qwen3-1.7B-Q8_0.gguf	2048	1	generate	band	129	384	9297891236	0
Qwen3-1.7B-Q8_0.gguf	2048	1	generate	band	385	896	18678124402	0
Qwen3-1.7B-Q8_0.gguf	2048	1	generate	band	897	1008	4116504843	0
Qwen3-1.7B-Q8_0.gguf	4096	1	generate	band	1	128	4544048651	0
Qwen3-1.7B-Q8_0.gguf	4096	1	generate	band	129	384	9351707338	0
Qwen3-1.7B-Q8_0.gguf	4096	1	generate	band	385	896	18572130577	0
Qwen3-1.7B-Q8_0.gguf	4096	1	generate	band	897	1008	4079229922	0
Qwen3-1.7B-Q8_0.gguf	8192	1	generate	band	1	128	4522803621	0
Qwen3-1.7B-Q8_0.gguf	8192	1	generate	band	129	384	9414261661	0
Qwen3-1.7B-Q8_0.gguf	8192	1	generate	band	385	896	18530372818	0
Qwen3-1.7B-Q8_0.gguf	8192	1	generate	band	897	1008	4079308101	0
Qwen3-1.7B-Q8_0.gguf	1024	2	generate	band	1	128	4522059060	0
Qwen3-1.7B-Q8_0.gguf	1024	2	generate	band	129	384	9272720398	0
Qwen3-1.7B-Q8_0.gguf	1024	2	generate	band	385	896	18555876081	0
Qwen3-1.7B-Q8_0.gguf	1024	2	generate	band	897	1007	4036305080	0
Qwen3-1.7B-Q8_0.gguf	2048	2	generate	band	1	128	4514985043	0
Qwen3-1.7B-Q8_0.gguf	2048	2	generate	band	129	384	9390699741	0
Qwen3-1.7B-Q8_0.gguf	2048	2	generate	band	385	896	18711829667	0
Qwen3-1.7B-Q8_0.gguf	2048	2	generate	band	897	1008	4124801754	0
Qwen3-1.7B-Q8_0.gguf	4096	2	generate	band	1	128	4529000079	0
Qwen3-1.7B-Q8_0.gguf	4096	2	generate	band	129	384	9443057879	0
Qwen3-1.7B-Q8_0.gguf	4096	2	generate	band	385	896	18356999291	0
Qwen3-1.7B-Q8_0.gguf	4096	2	generate	band	897	1008	4118383833	0
Qwen3-1.7B-Q8_0.gguf	8192	2	generate	band	1	128	4577531513	0
Qwen3-1.7B-Q8_0.gguf	8192	2	generate	band	129	384	9343362765	0
Qwen3-1.7B-Q8_0.gguf	8192	2	generate	band	385	896	18629798006	0
Qwen3-1.7B-Q8_0.gguf	8192	2	generate	band	897	1008	4110269919	0
Qwen3-1.7B-Q8_0.gguf	1024	3	generate	band	1	128	4540905683	0
Qwen3-1.7B-Q8_0.gguf	1024	3	generate	band	129	384	9303414004	0
Qwen3-1.7B-Q8_0.gguf	1024	3	generate	band	385	896	18345957951	0
Qwen3-1.7B-Q8_0.gguf	1024	3	generate	band	897	1007	4086097571	0
Qwen3-1.7B-Q8_0.gguf	2048	3	generate	band	1	128	4560592727	0
Qwen3-1.7B-Q8_0.gguf	2048	3	generate	band	129	384	9354736770	0
Qwen3-1.7B-Q8_0.gguf	2048	3	generate	band	385	896	18315016306	0
Qwen3-1.7B-Q8_0.gguf	2048	3	generate	band	897	1008	4101542146	0
Qwen3-1.7B-Q8_0.gguf	4096	3	generate	band	1	128	4574460758	0
Qwen3-1.7B-Q8_0.gguf	4096	3	generate	band	129	384	9331236660	0
Qwen3-1.7B-Q8_0.gguf	4096	3	generate	band	385	896	18338046649	0
Qwen3-1.7B-Q8_0.gguf	4096	3	generate	band	897	1008	4055279455	0
Qwen3-1.7B-Q8_0.gguf	8192	3	generate	band	1	128	4489179152	0
Qwen3-1.7B-Q8_0.gguf	8192	3	generate	band	129	384	9307460579	0
Qwen3-1.7B-Q8_0.gguf	8192	3	generate	band	385	896	18672183733	0
Qwen3-1.7B-Q8_0.gguf	8192	3	generate	band	897	1008	4133489579	0
