model	allocation	repeat	arrival	kind	from_token	to_token	nanoseconds	prefill_ns	freq_max_mhz_min	freq_max_mhz_max	temp_Tccd1_first	temp_Tccd1_last	proc_VmRSS_last	proc_read_bytes_delta	proc_majflt_delta	n_samples	refused_because
gemma-2-2b-it-Q4_K_M.gguf	8192	1	prefill	band	513	641	4572843917	1172300644	4690.591	5546.29	66.125	60.75	3725635584	0	0	23	
gemma-2-2b-it-Q4_K_M.gguf	8192	1	prefill	band	1025	1153	4747552076	2359842829	4670.583	5479.908	72.875	60.75	3786469376	0	0	28	
gemma-2-2b-it-Q4_K_M.gguf	8192	1	prefill	band	2049	2177	5003233698	4880348953	4583.398	5481.627	72.125	62.75	3924574208	0	0	40	
gemma-2-2b-it-Q4_K_M.gguf	8192	1	prefill	band	4097	4225	5639728361	10800309320	4558.871	5487.898	67.0	64.125	4146577408	0	0	66	
gemma-2-2b-it-Q4_K_M.gguf	8192	1	prefill	band	7937	8065	6339570488	23666983986	4495.431	5472.154	56.5	67.875	4182700032	0	0	119	
gemma-2-2b-it-Q4_K_M.gguf	8192	2	prefill	band	513	641	4605613437	1395032961	4689.796	5439.237	76.125	66.125	4830605312	0	0	24	
gemma-2-2b-it-Q4_K_M.gguf	8192	2	prefill	band	1025	1153	4673176976	2370517889	4571.521	5449.096	78.125	66.5	4885360640	0	0	28	
gemma-2-2b-it-Q4_K_M.gguf	8192	2	prefill	band	2049	2177	4960442224	4899831226	4534.561	5433.69	76.25	66.5	5022240768	0	0	39	
gemma-2-2b-it-Q4_K_M.gguf	8192	2	prefill	band	4097	4225	5662742929	10812033584	4502.452	5449.808	75.875	68.5	5241716736	0	0	66	
gemma-2-2b-it-Q4_K_M.gguf	8192	2	prefill	band	7937	8065	6185301377	23615448350	4494.325	5416.479	78.125	69.375	5271977984	0	0	119	
mamba-130m-hf.F16.gguf	4096	1	prefill	band	512	640	686129506	193329277	5356.814	5469.196	78.125	67.5	344584192	0	0	4	
mamba-130m-hf.F16.gguf	4096	1	prefill	band	1024	1152	661385012	353483919	4998.863	5417.447	75.625	67.5	349315072	0	0	4	
mamba-130m-hf.F16.gguf	4096	1	prefill	band	2048	2176	660690898	695050745	4938.192	5467.968	75.25	68.375	349712384	0	0	6	
mamba-130m-hf.F16.gguf	4096	1	prefill	band	3584	3712	673744811	1211146181	4876.036	5412.217	79.5	68.875	350408704	0	0	8	
mamba-130m-hf.F16.gguf	4096	2	prefill	band	512	640	659884377	180796138	5326.462	5425.903	78.625	68.375	358940672	0	0	4	
mamba-130m-hf.F16.gguf	4096	2	prefill	band	1024	1152	659786690	349854457	4978.697	5464.227	77.25	68.375	359161856	0	0	4	
mamba-130m-hf.F16.gguf	4096	2	prefill	band	2048	2176	661238553	693282849	4944.297	5409.401	81.0	68.375	359559168	0	0	6	
mamba-130m-hf.F16.gguf	4096	2	prefill	band	3584	3712	671475567	1211250228	4921.848	5410.308	77.625	71.75	360255488	0	0	8	
rwkv-6-world-1.6b-Q4_0.gguf	4096	1	prefill	band	512	640	2760630231	868840913	4791.196	5438.54	77.125	67.5	1924386816	0	0	15	
rwkv-6-world-1.6b-Q4_0.gguf	4096	1	prefill	band	1024	1152	2661472425	1660777115	4632.324	5427.984	76.125	69.375	1937559552	0	0	18	
rwkv-6-world-1.6b-Q4_0.gguf	4096	1	prefill	band	2048	2176	2668046112	3217524477	4671.304	5421.107	78.625	67.5	1949929472	0	0	24	
rwkv-6-world-1.6b-Q4_0.gguf	4096	1	prefill	band	3584	3712	2709512784	5687385007	4652.807	5426.729	79.5	67.5	1950199808	0	0	34	
rwkv-6-world-1.6b-Q4_0.gguf	4096	2	prefill	band	512	640	2658091858	832952594	4572.846	5425.882	76.625	67.0	1989218304	0	0	14	
rwkv-6-world-1.6b-Q4_0.gguf	4096	2	prefill	band	1024	1152	2720928819	1613653626	4606.107	5423.235	77.25	66.5	1989353472	0	0	18	
rwkv-6-world-1.6b-Q4_0.gguf	4096	2	prefill	band	2048	2176	2742292164	3291490096	4669.703	5432.178	74.5	67.5	1989533696	0	0	24	
rwkv-6-world-1.6b-Q4_0.gguf	4096	2	prefill	band	3584	3712	2765153521	5743708094	4632.016	5422.284	81.0	68.0	1989804032	0	0	34	
starcoder2-3b-Q4_K_M.gguf	16384	1	prefill	band	512	640	4793978151	1571675497	4575.599	5410.356	79.0	68.5	3849228288	0	0	26	
starcoder2-3b-Q4_K_M.gguf	16384	1	prefill	band	1024	1152	4883073347	3208109544	4564.058	5431.828	76.125	69.375	3850055680	0	0	32	
starcoder2-3b-Q4_K_M.gguf	16384	1	prefill	band	2048	2176	5122549586	6830235791	4466.42	5400.486	81.5	70.875	3850473472	0	0	48	
starcoder2-3b-Q4_K_M.gguf	16384	1	prefill	band	4096	4224	5548011917	14781590727	4458.206	5456.757	78.625	72.375	3851329536	0	0	81	
starcoder2-3b-Q4_K_M.gguf	16384	1	prefill	band	8192	8320	6317940606	34291507466	4428.238	5399.16	82.375	74.75	3855347712	0	0	161	
starcoder2-3b-Q4_K_M.gguf	16384	1	prefill	band	16128	16256	7849226477	85805364111	4421.368	5440.185	81.375	73.25	3866906624	0	0	372	
starcoder2-3b-Q4_K_M.gguf	16384	2	prefill	band	512	640	4819147576	1702119530	4527.566	5377.086	81.375	71.875	4366655488	0	0	26	
starcoder2-3b-Q4_K_M.gguf	16384	2	prefill	band	1024	1152	5000253247	3281629520	4520.164	5389.872	80.5	71.875	4366880768	0	0	33	
starcoder2-3b-Q4_K_M.gguf	16384	2	prefill	band	2048	2176	5224618384	6905599906	4456.399	5399.722	81.375	72.75	4367286272	0	0	48	
starcoder2-3b-Q4_K_M.gguf	16384	2	prefill	band	4096	4224	5568870827	14760242732	4437.963	5383.61	83.875	75.25	4368048128	0	0	81	
starcoder2-3b-Q4_K_M.gguf	16384	2	prefill	band	8192	8320	6413322534	34509659945	4474.705	5411.555	83.25	78.125	4369551360	0	0	163	
starcoder2-3b-Q4_K_M.gguf	16384	2	prefill	band	16128	16256	7918921465	85705773099	4445.041	5381.021	81.5	74.75	4372471808	0	0	372	
gemma-3-270m-it-Q6_K.gguf	16384	1	prefill	band	513	641	721998900	123530059	5367.879	5415.981	78.625	72.25	474918912	0	0	4	
gemma-3-270m-it-Q6_K.gguf	16384	1	prefill	band	1025	1153	733666353	239251349	5007.243	5390.944	81.875	72.75	483745792	0	0	4	
gemma-3-270m-it-Q6_K.gguf	16384	1	prefill	band	2049	2177	777426565	495596311	4746.717	5404.078	79.125	71.75	485556224	0	0	6	
gemma-3-270m-it-Q6_K.gguf	16384	1	prefill	band	4097	4225	799653555	1072101002	4713.586	5375.315	82.875	73.25	493699072	0	0	8	
gemma-3-270m-it-Q6_K.gguf	16384	1	prefill	band	8193	8321	815263371	2495963281	4681.192	5395.071	84.375	73.75	496574464	0	0	14	
gemma-3-270m-it-Q6_K.gguf	16384	1	prefill	band	16129	16257	924214866	6173103295	4559.64	5386.775	82.375	74.125	510607360	0	0	29	
gemma-3-270m-it-Q6_K.gguf	16384	2	prefill	band	513	641	717854129	141177850	5259.52	5374.502	83.875	72.75	584585216	0	0	4	
gemma-3-270m-it-Q6_K.gguf	16384	2	prefill	band	1025	1153	745984610	236911969	5034.291	5361.151	84.375	73.25	584957952	0	0	4	
gemma-3-270m-it-Q6_K.gguf	16384	2	prefill	band	2049	2177	772149023	505205620	4724.971	5374.353	84.875	73.25	585650176	0	0	6	
gemma-3-270m-it-Q6_K.gguf	16384	2	prefill	band	4097	4225	773000708	1061958934	4682.337	5406.213	81.875	75.375	586973184	0	0	8	
gemma-3-270m-it-Q6_K.gguf	16384	2	prefill	band	8193	8321	813937116	2441225593	4577.623	5384.407	82.875	74.25	589598720	0	0	13	
gemma-3-270m-it-Q6_K.gguf	16384	2	prefill	band	16129	16257	945410254	6056897489	4607.443	5372.652	84.375	75.125	597860352	0	0	28	
