entry-kind	0	machine_profile
entry-kind	1	failure
entry-kind	2	self_cost
entry-kind	3	trials
entry-kind	4	daemon_started
entry-kind	5	daemon_stopped
entry-kind	6	artifact_acquired
entry-kind	7	artifact_checked
entry-kind	8	artifact_removed
entry-kind	9	component_provisioned
entry-kind	10	component_removed
entry-kind	11	generated
entry-kind	12	model_configured
entry-kind	13	comparison
entry-kind	14	fitment_planned
entry-kind	15	contention_snapshot
entry-kind	16	model_probed
taxonomy	hub.unreachable	No route to the hub
taxonomy	hub.rate_limited	Throttled, with or without a retry hint
taxonomy	hub.auth.required	Credentials absent
taxonomy	hub.auth.rejected	Credentials present and refused
taxonomy	hub.access.gated	Terms not accepted for this account
taxonomy	hub.ref.not_found	Repository or revision does not exist
taxonomy	hub.ref.moved	Tag repointed between resolve and fetch
taxonomy	hub.metadata.absent	No config, card or licence
taxonomy	hub.metadata.malformed	Present and unparseable
taxonomy	hub.metadata.deceptive	Declares an architecture the weights are not
taxonomy	hub.licence.unparseable	Licence text present, terms unmatchable
taxonomy	hub.licence.forbids_use	Terms forbid the attempted use
taxonomy	transfer.stalled	No progress past the deadline
taxonomy	transfer.truncated	Stream ended before the declared length
taxonomy	transfer.mutated	Content changed between manifest and fetch
taxonomy	transfer.checksum_mismatch	Bytes arrived and do not verify
taxonomy	transfer.interrupted	Connection lost; resumable
taxonomy	transfer.tls	Certificate or handshake failure
taxonomy	artifact.missing	Referenced and not present
taxonomy	artifact.corrupt	Present and fails verification (§7.49's re-check)
taxonomy	artifact.unreadable	Present and cannot be read at all
taxonomy	artifact.format.unsupported	A format MCF does not read
taxonomy	artifact.format.malformed	A format MCF reads, malformed
taxonomy	artifact.incomplete	Some shards present, others absent
taxonomy	artifact.archive.traversal	Member escapes the extraction root
taxonomy	artifact.archive.oversized	Expands beyond its declared size
taxonomy	artifact.provenance.incomplete	Held, with unknown fields (§3.6)
taxonomy	engine.spawn.not_found	Binary absent at spawn
taxonomy	engine.spawn.refused	Permission or platform refusal
taxonomy	engine.exit.immediate	Died before first output
taxonomy	engine.exit.midstream	Died after partial output
taxonomy	engine.exit.signal	Killed by signal, including the OOM killer
taxonomy	engine.hang.no_output	Alive, silent, past deadline
taxonomy	engine.protocol.malformed	Output MCF cannot parse
taxonomy	engine.protocol.version	Incompatible engine interface
taxonomy	engine.load.refused	Engine declines the model
taxonomy	engine.unavailable	No vendored engine supports this artifact (D23)
taxonomy	accel.absent	None present
taxonomy	accel.unrecognized	Present, not characterized (§7.8)
taxonomy	accel.driver.absent	No driver
taxonomy	accel.driver.query_failed	Driver present, interrogation failed
taxonomy	accel.driver.version_mismatch	Runtime and driver disagree
taxonomy	accel.memory.exhausted	Allocation refused
taxonomy	accel.memory.fragmented	Free but unallocatable
taxonomy	accel.thermal.ceiling	Sustained throttle
taxonomy	accel.reset	Device reset mid-operation
taxonomy	accel.lost	Disappeared from the bus
taxonomy	resource.disk.exhausted	No space, operation in flight
taxonomy	resource.disk.readonly	Volume remounted read-only
taxonomy	resource.disk.quota	Quota refused the write
taxonomy	resource.memory.exhausted	Host allocation refused
taxonomy	resource.memory.pressure	Allocatable but degraded
taxonomy	resource.fd.exhausted	Descriptor limit
taxonomy	resource.contended	Another process holds what was needed (B24)
taxonomy	record.unwritable	Store cannot be opened for writing
taxonomy	record.corrupt.index	Derived database damaged; journal intact (D20)
taxonomy	record.corrupt.journal	Journal damaged
taxonomy	record.replay.incomplete	Rebuilt, with a stated gap
taxonomy	record.schema.unknown	Written by a version this one cannot read (§7.30)
taxonomy	record.budget.exhausted	Retention limit reached (§7.5)
taxonomy	record.content.unreadable	Content filed beside the record is there and will not be read (F105)
taxonomy	config.invalid	Value outside the permitted domain
taxonomy	config.unsatisfiable	Coherent and impossible on this machine
taxonomy	config.conflict	Two settings that cannot both hold
taxonomy	config.unverified	Declared, never probed, and required to be (A21)
taxonomy	config.identity.mismatch	Realized differs from declared (D23, placement)
taxonomy	probe.inconclusive	Neither confirms nor denies (§3.18)
taxonomy	probe.timeout	No result within its bound
taxonomy	probe.malformed_response	Output the probe cannot grade
taxonomy	probe.unsupported	Probe does not apply to this artifact
taxonomy	probe.divergence	Declared and verified disagree — a *finding*, not an error
taxonomy	lab.setup.failed	Environment could not be constructed
taxonomy	lab.teardown.failed	Residue left behind (B58)
taxonomy	lab.gate.not_applicable	Capability verified absent (B40) — not a failure
taxonomy	lab.gate.unknown	Capability unestablished (B40)
taxonomy	lab.precondition.contended	Machine not quiet for a timing run (B-217)
taxonomy	lab.budget.exceeded	Declared maximum duration reached
taxonomy	lab.interrupted	Stopped by the operator; partial preserved
taxonomy	lab.workload.ungradable	Supplied workload cannot be graded (B42)
taxonomy	lab.conditions.invalidated	Conditions moved mid-run; result unsound
taxonomy	model.tool.malformed_call	Unparseable or missing required arguments
taxonomy	model.tool.wrong_selection	Plausible but incorrect tool
taxonomy	model.tool.hallucinated	Tool that does not exist
taxonomy	model.loop.no_progress	Repeats an action with unchanged state
taxonomy	model.stop.never	Runs to the turn or token budget
taxonomy	model.stop.premature	Stops with the task incomplete
taxonomy	model.recovery.none	Receives an error and repeats unchanged
taxonomy	model.format.violated	Correct content, wrong required format
taxonomy	model.instruction.ignored	A stated constraint unmet
taxonomy	model.refused	Declined the task
taxonomy	model.output.empty	Produced nothing
taxonomy	sandbox.escape_attempted	Reached for something absent (A14) — recorded, never permitted
taxonomy	sandbox.quota.disk	Environment quota refused a write
taxonomy	sandbox.quota.memory	Environment limit reached
taxonomy	sandbox.turn_budget	Turn limit reached
taxonomy	sandbox.construct_failed	Environment could not be built
taxonomy	platform.unsupported	Outside §7.35's declared scope
taxonomy	platform.privilege.denied	Elevation refused (A26)
taxonomy	platform.privilege.unavailable	No mechanism on this platform
taxonomy	platform.mechanism.unavailable	Boxing, pinning or yielding unsupported here (§7.43)
taxonomy	platform.restore_failed	Something changed could not be restored (A27)
taxonomy	time.jump.backward	Wall clock stepped back mid-measurement
taxonomy	time.jump.forward	Large forward step
taxonomy	time.monotonic.unavailable	No monotonic source (D9)
taxonomy	exchange.identifier.malformed	Unparseable
taxonomy	exchange.identifier.unresolvable	Names something unobtainable (§XV)
taxonomy	exchange.reproduce.impossible	Resolvable and cannot run here — a complete answer (§6.3)
taxonomy	exchange.reproduce.divergent	Reproduced; numbers differ — a *finding* (§6.29)
taxonomy	exchange.schema.unreadable	Contribution written by an uninterpretable version
taxonomy	exchange.terms.absent	Terms not shown before sending — a defect (D21)
taxonomy	internal.invariant_violated	A state the type system was meant to prevent
taxonomy	internal.unclassified	A failure that fits nothing above
attribution	mcf
attribution	managed
attribution	machine
attribution	hub
attribution	artifact
attribution	user
attribution	model-under-test
attribution	unattributable
disposition	refused
disposition	degraded
disposition	partial
disposition	recovered
disposition	aborted
disposition	invalidated
bundle-kind	export
bundle-kind	contribution
bundle-kind	repro_bundle
format	bundle	1
format	journal	1
register	B-001
register	B-002
register	B-003
register	B-004
register	B-005
register	B-006
register	B-007
register	B-008
register	B-009
register	B-010
register	B-011
register	B-012
register	B-013
register	B-014
register	B-015
register	B-016
register	B-017
register	B-018
register	B-019
register	B-020
register	B-021
register	B-022
register	B-023
register	B-024
register	B-025
register	B-026
register	B-027
register	B-028
register	B-029
register	B-030
register	B-031
register	B-032
register	B-033
register	B-034
register	B-035
register	B-036
register	B-037
register	B-038
register	B-039
register	B-040
register	B-041
register	B-042
register	B-050
register	B-051
register	B-052
register	B-053
register	B-054
register	B-055
register	B-056
register	B-057
register	B-058
register	B-059
register	B-060
register	B-061
register	B-062
register	B-070
register	B-071
register	B-072
register	B-073
register	B-074
register	B-075
register	B-076
register	B-077
register	B-080
register	B-081
register	B-082
register	B-083
register	B-084
register	B-085
register	B-086
register	B-087
register	B-088
register	B-089
register	B-090
register	B-091
register	B-100
register	B-101
register	B-102
register	B-103
register	B-104
register	B-105
register	B-106
register	B-107
register	B-108
register	B-109
register	B-110
register	B-111
register	B-120
register	B-121
register	B-122
register	B-123
register	B-124
register	B-125
register	B-126
register	B-127
register	B-128
register	B-140
register	B-141
register	B-142
register	B-143
register	B-144
register	B-145
register	B-146
register	B-147
register	B-148
register	B-149
register	B-160
register	B-161
register	B-162
register	B-163
register	B-164
register	B-165
register	B-166
register	B-167
register	B-168
register	B-169
register	B-170
register	B-171
register	B-172
register	B-173
register	B-180
register	B-181
register	B-182
register	B-183
register	B-184
register	B-185
register	B-186
register	B-187
register	B-188
register	B-189
register	B-190
register	B-191
register	B-192
register	B-193
register	B-200
register	B-201
register	B-202
register	B-203
register	B-204
register	B-205
register	B-210
register	B-211
register	B-212
register	B-213
register	B-214
register	B-215
register	B-216
register	B-217
register	B-220
register	B-221
register	B-222
register	B-223
register	B-224
register	B-225
register	B-226
register	B-227
register	B-228
register	B-230
register	B-231
register	B-232
register	B-233
register	B-234
register	B-235
register	B-236
register	B-240
register	B-241
register	B-242
register	B-250
register	B-251
register	B-252
register	B-260
register	B-261
register	B-270
register	B-271
register	B-272
register	B-273
register	B-280
register	B-281
register	B-290
register	B-291
register	B-300
register	B-301
register	B-302
register	B-310
register	B-320
register	B-321
register	B-322
register	B-330
register	B-331
register	B-332
register	B-333
register	B-334
register	B-335
register	B-336
register	B-350
register	B-352
register	B-353
register	B-360
register	B-361
register	B-362
register	B-363
register	B-364
register	B-365
register	B-366
register	B-367
register	B-368
register	B-369
register	B-370
register	B-371
register	B-372
register	B-373
register	B-374
register	B-375
register	B-376
register	B-377
register	B-378
register	B-379
register	B-380
register	B-381
register	B-382
register	B-383
register	B-384
register	B-385
register	B-386
register	B-387
register	B-388
register	B-389
register	B-390
register	B-391
register	B-392
register	B-393
register	B-394
register	B-396
register	B-397
register	B-398
register	B-399
register	B-400
register	B-401
register	B-402
register	B-403
register	B-404
register	B-405
register	B-406
register	B-407
register	DEC-001
register	DEC-002
register	DEC-003
register	DEC-004
register	DEC-005
register	DEC-006
register	DEC-007
register	DEC-008
register	DEC-009
register	DEC-010
register	DEC-011
register	DEC-012
register	DEC-013
register	DEC-014
register	DEC-015
register	DEC-016
register	DEC-017
register	DEC-018
register	DEC-019
register	DEC-020
register	DEC-021
register	DEC-022
register	DEC-023
register	DEC-024
register	DEC-025
register	DEC-026
register	DEC-027
register	DEC-028
register	DEC-029
register	DEC-030
register	DEC-031
register	DEC-032
register	DEC-033
register	DEC-034
register	DEC-035
register	DEC-036
register	DEC-037
register	DEC-038
register	DEC-039
register	DEC-040
register	DEC-041
register	DEC-042
register	DEC-043
register	DEC-044
register	DEC-045
register	DEC-046
register	DEC-047
register	DEC-048
register	DEC-049
register	DEC-050
register	DEC-051
register	DEC-052
register	DEC-053
register	DEC-054
register	DEC-055
finding	F1
finding	F2
finding	F3
finding	F4
finding	F5
finding	F6
finding	F7
finding	F8
finding	F9
finding	F10
finding	F11
finding	F12
finding	F13
finding	F14
finding	F15
finding	F16
finding	F17
finding	F18
finding	F19
finding	F20
finding	F21
finding	F22
finding	F23
finding	F24
finding	F25
finding	F26
finding	F27
finding	F28
finding	F29
finding	F30
finding	F31
finding	F32
finding	F33
finding	F34
finding	F35
finding	F36
finding	F37
finding	F38
finding	F39
finding	F40
finding	F41
finding	F42
finding	F43
finding	F44
finding	F45
finding	F46
finding	F47
finding	F48
finding	F49
finding	F50
finding	F51
finding	F52
finding	F53
finding	F54
finding	F55
finding	F56
finding	F57
finding	F58
finding	F59
finding	F60
finding	F61
finding	F62
finding	F63
finding	F64
finding	F65
finding	F66
finding	F67
finding	F68
finding	F69
finding	F70
finding	F71
finding	F72
finding	F73
finding	F74
finding	F75
finding	F76
finding	F77
finding	F78
finding	F79
finding	F80
finding	F81
finding	F82
finding	F83
finding	F84
finding	F85
finding	F86
finding	F87
finding	F88
finding	F89
finding	F90
finding	F91
finding	F92
finding	F93
finding	F94
finding	F95
finding	F96
finding	F97
finding	F98
finding	F99
finding	F100
finding	F101
finding	F102
finding	F103
finding	F104
finding	F105
finding	F106
finding	F107
finding	F108
finding	F109
finding	F110
finding	F111
finding	F112
finding	F113
finding	F114
finding	F115
finding	F116
finding	F117
finding	F118
finding	F119
finding	F120
finding	F121
finding	F122
finding	F123
finding	F124
finding	F125
finding	F126
finding	F127
finding	F128
finding	F129
finding	F130
rule	A1
rule	A2
rule	A3
rule	A4
rule	A5
rule	A6
rule	A7
rule	A8
rule	A9
rule	A10
rule	A11
rule	A12
rule	A13
rule	A14
rule	A15
rule	A16
rule	A17
rule	A18
rule	A19
rule	A20
rule	A21
rule	A22
rule	A23
rule	A24
rule	A25
rule	A26
rule	A27
rule	B1
rule	B2
rule	B3
rule	B4
rule	B5
rule	B6
rule	B7
rule	B8
rule	B9
rule	B10
rule	B11
rule	B12
rule	B13
rule	B14
rule	B15
rule	B16
rule	B17
rule	B18
rule	B19
rule	B20
rule	B21
rule	B22
rule	B23
rule	B24
rule	B25
rule	B26
rule	B27
rule	B28
rule	B29
rule	B30
rule	B31
rule	B32
rule	B33
rule	B34
rule	B35
rule	B49
rule	B50
rule	B36
rule	B37
rule	B38
rule	B39
rule	B40
rule	B41
rule	B42
rule	B43
rule	B44
rule	B45
rule	B46
rule	B47
rule	B48
rule	B51
rule	B52
rule	B53
rule	B54
rule	B55
rule	B56
rule	B57
rule	B58
rule	B59
rule	B60
rule	B61
rule	B62
rule	B63
rule	B64
rule	B65
rule	C1
rule	C2
rule	C3
rule	C4
rule	C5
rule	C6
rule	C7
rule	C8
finding	F131
register	B-409
register	B-410
register	B-411
register	B-412
finding	F132
register	B-413
register	B-414
register	B-415
finding	F133
register	B-416
entry-kind	17	model_timed
register	B-417
entry-kind	18	model_hosted
entry-kind	19	model_unhosted
entry-kind	20	cross_checked
entry-kind	21	prompt_reported
entry-kind	22	readings
register	B-418
finding	F134
register	B-419
register	B-420
register	B-421
register	B-422
register	B-423
register	B-424
register	B-425
register	B-426
register	B-427
register	B-428
register	B-429
register	B-430
register	B-431
register	B-432
register	B-433
register	B-434
register	B-435
register	B-436
register	B-437
register	B-438
register	B-439
register	B-440
register	B-441
register	B-442
finding	F135
finding	F136
finding	F137
finding	F138
finding	F139
finding	F140
finding	F142
finding	F143
finding	F144
finding	F145
finding	F146
finding	F147
finding	F148
finding	F149
finding	F150
finding	F151
finding	F152
finding	F153
finding	F154
finding	F155
finding	F156
finding	F157
finding	F158
register	B-443
finding	F159
register	B-444
register	B-445
register	B-446
register	B-447
register	B-448
finding	F160
register	B-449
register	B-450
register	B-451
register	B-452
register	B-453
register	B-454
register	B-455
register	B-456
finding	F161
finding	F162
finding	F163
finding	F164
finding	F165
finding	F166
finding	F167
finding	F168
finding	F169
finding	F170
register	B-457
register	B-458
register	B-459
register	B-460
register	B-461
register	B-462
register	B-463
register	B-464
finding	F171
register	B-465
register	B-466
finding	F172
finding	F173
register	B-467
register	B-468
finding	F174
register	B-469
finding	F175
register	B-470
finding	F176
register	B-471
register	B-472
finding	F177
register	DEC-056
register	B-473
register	B-474
register	B-475
finding	F178
finding	F179
register	B-476
finding	F180
register	DEC-057
register	B-477
register	B-478
register	B-479
register	B-480
register	B-481
finding	F181
finding	F182
finding	F183
register	B-482
finding	F184
register	B-483
finding	F185
finding	F186
register	B-484
finding	F187
finding	F188
register	DEC-058
register	DEC-059
register	DEC-060
register	DEC-061
register	DEC-062
register	B-485
register	B-486
register	B-487
register	B-488
register	B-489
finding	F189
finding	F190
finding	F191
finding	F192
register	B-490
register	B-491
register	B-492
register	B-493
register	B-494
register	B-495
register	B-496
register	B-497
register	B-498
register	B-499
register	B-500
register	B-501
register	B-502
register	B-503
register	B-504
register	B-505
register	B-506
register	B-507
register	B-508
register	B-509
register	B-510
register	B-511
register	B-512
register	B-513
register	B-514
register	B-515
register	B-516
register	B-517
register	B-518
register	B-519
register	B-520
register	B-521
register	B-522
register	B-523
register	B-524
register	B-525
register	B-526
register	B-527
register	B-528
register	B-529
register	B-530
register	B-531
register	B-532
register	B-533
register	B-534
register	B-535
register	B-536
register	B-537
register	B-538
register	B-539
register	B-540
register	B-541
finding	F193
finding	F194
finding	F195
finding	F196
finding	F197
finding	F198
finding	F199
finding	F200
finding	F201
finding	F202
finding	F203
finding	F204
finding	F205
finding	F206
finding	F207
finding	F208
finding	F209
finding	F210
finding	F211
finding	F212
finding	F213
finding	F214
finding	F215
finding	F216
finding	F217
finding	F218
finding	F219
finding	F220
finding	F221
finding	F222
finding	F223
finding	F224
register	B-542
register	B-543
register	B-544
register	B-545
register	B-546
register	B-547
register	B-548
register	B-549
register	B-550
register	B-551
register	B-552
register	B-553
register	B-554
register	B-555
register	B-556
register	B-557
register	B-558
finding	F225
register	B-559
finding	F226
finding	F227
finding	F228
finding	F229
finding	F230
finding	F231
finding	F232
finding	F233
finding	F234
finding	F235
finding	F236
finding	F237
finding	F238
finding	F239
finding	F240
finding	F241
finding	F242
register	B-560
register	B-561
finding	F243
register	DEC-063
register	B-562
register	B-563
register	B-564
finding	F244
finding	F245
register	B-565
finding	F246
finding	F247
register	B-566
finding	F248
finding	F249
register	B-567
finding	F250
register	B-568
finding	F251
register	B-569
finding	F252
register	B-570
register	B-571
register	B-572
register	B-573
finding	F253
finding	F254
finding	F255
finding	F256
register	B-574
register	B-575
register	B-576
finding	F257
register	B-577
finding	F258
register	B-578
register	B-579
register	B-580
register	B-581
finding	F259
register	B-582
finding	F260
register	B-583
finding	F261
finding	F262
